Reference,Quantity,Value,Component name,Description,Footprint,Purchase link
"C1, C4, ",2,10u,C,Unpolarized capacitor,Capacitor_SMD:C_0603_1608Metric,https://www.mouser.jp/ProductDetail/KYOCERA-AVX/0603YD106MAT2A?qs=sGAEpiMZZMukHu%252BjC5l7Yb5oPaw27JT5wYXOBzrtF%252B0%3D
"C2, C5, C6, C8, ",4,0.1u,C,Unpolarized capacitor,Capacitor_SMD:C_0603_1608Metric,https://www.mouser.jp/ProductDetail/KEMET/C0603C104K1RACTU?qs=sGAEpiMZZMukHu%252BjC5l7Yb4eEbXPfWIFKcQ8bqfDBo8%3D
"C3, ",1,22u,C,Unpolarized capacitor,Capacitor_SMD:C_0603_1608Metric,https://www.mouser.jp/ProductDetail/KYOCERA-AVX/KAF15BR71E224KT?qs=sGAEpiMZZMukHu%252BjC5l7YcmRMYNDachgfLmvWm%252B%2F5Cg%3D
"C7, ",1,4.7u,C,Unpolarized capacitor,Capacitor_SMD:C_0603_1608Metric,https://www.mouser.jp/ProductDetail/KEMET/C0603C475K8PACTU?qs=sGAEpiMZZMukHu%252BjC5l7YS3hfMWWNXqPBkmFqa7VQO4%3D
"D1, D3, D4, D6, D7, D8, D9, D10, D11, D12, D13, ",11,LED,LED,Light emitting diode,Diode_SMD:D_0603_1608Metric,https://www.mouser.jp/ProductDetail/Bivar/SM0603UBWC?qs=hWDdE2Pc5RAVU9aZAE1txQ%3D%3D
"D2, ",1,SP0503BAHT,SP0503BAHT,"TVS Diode Array, 5.5V Standoff, 3 Channels, SOT-143 package",Package_TO_SOT_SMD:SOT-143,https://www.mouser.jp/ProductDetail/Littelfuse/SP0503BAHTG?qs=uD%2FdkN7XIa0NTYXwHdELYA%3D%3D
"D5, ",1,D_Schottky,D_Schottky,Schottky diode,Diode_SMD:D_0603_1608Metric,https://www.mouser.jp/ProductDetail/Bourns/CD0603-B0340R?qs=xhbEVWpZdWee9K23%252B3DSjQ%3D%3D
"J1, ",1,Conn_01x02_Male,Conn_01x02_Male,"Generic connector, single row, 01x02, script generated",Connector_PinHeader_2.54mm:PinHeader_1x02_P2.54mm_Vertical,
"J2, ",1,USB_C_Receptacle_USB2.0,USB_C_Receptacle_USB2.0,USB 2.0-only Type-C Receptacle connector,Connector_USB:USB_C_Receptacle_Amphenol_12401610E4-2A,https://www.mouser.jp/ProductDetail/Amphenol-Commercial-Products/12401610E42A?qs=EgDjlb95zqAWvChv41w5lg%3D%3D
"Q1, Q2, ",2,SS8050-G,S8050,"0.7A Ic, 20V Vce, Low Voltage High Current NPN Transistor, TO-92",Package_TO_SOT_SMD:SOT-23,https://www.mouser.jp/ProductDetail/Comchip-Technology/SS8050-G?qs=sGAEpiMZZMvplms98TlKY0DRKkFioIw6yshKylp0VqvgzoQ7StxaEg%3D%3D
"R1, R2, R4, R12, ",4,10k,R,Resistor,Resistor_SMD:R_0603_1608Metric,https://www.mouser.jp/ProductDetail/Vishay-Beyschlag/MCT0603MG1002BP500?qs=Y0Uzf4wQF3kTztUxcSxY1w%3D%3D
"R3, ",1,147,R,Resistor,Resistor_SMD:R_0603_1608Metric,https://www.mouser.jp/ProductDetail/Vishay-Beyschlag/MCT06030C1470FP500?qs=sGAEpiMZZMtlubZbdhIBIFnTCG%2F%2F8GT0o5xRkqdGvDo%3D
"R5, ",1,22.1k,R,Resistor,Resistor_SMD:R_0603_1608Metric,https://www.mouser.jp/ProductDetail/YAGEO/RT0603BRB0722K1L?qs=sGAEpiMZZMtlubZbdhIBIFwAPm1rE69%252BVpUp6WtgZWs%3D
"R6, R10, ",2,5.1k,R,Resistor,Resistor_SMD:R_0603_1608Metric,https://www.mouser.jp/ProductDetail/Vishay-Dale/RCS06035K10FKEA?qs=sGAEpiMZZMtlubZbdhIBIE5LhqqS5SwHtki3GxnhvnY%3D
"R7, R8, R19, R20, R21, R22, R27, R28, R29, R30, ",10,100,R,Resistor,Resistor_SMD:R_0603_1608Metric,https://www.mouser.jp/ProductDetail/Littelfuse/0603L001-60YR?qs=vmHwEFxEFR%252Bqpk0gfi6KUQ%3D%3D
"R9, ",1,47.5k,R,Resistor,Resistor_SMD:R_0603_1608Metric,https://www.mouser.jp/ProductDetail/Vishay-Dale/TNPW060347K5BEEA?qs=sGAEpiMZZMtlubZbdhIBIPU71Uf%252BtGsSjdE%252BnV%2FjH18%3D
"R11, ",1,2k,R,Resistor,Resistor_SMD:R_0603_1608Metric,https://www.mouser.jp/ProductDetail/Vishay-BC-Components/NTCS0603E3202GLT?qs=%2FWiulJ9oly6RDPZsx8Fw8g%3D%3D
"R13, R14, ",2,0,R,Resistor,Resistor_SMD:R_0603_1608Metric,https://www.mouser.jp/ProductDetail/Vishay-Beyschlag/MCT0603HZ0000ZP500?qs=sGAEpiMZZMukHu%252BjC5l7YS45V2nDEa%2Fh%252BgDnHJRSHR4%3D
"R15, R16, R17, R18, R23, R24, R25, R26, ",8,5k,R,Resistor,Resistor_SMD:R_0603_1608Metric,https://www.mouser.jp/ProductDetail/Vishay-BC-Components/NTCS0603E3502FLT?qs=doiCPypUmgFTT6mDFv6oKA%3D%3D
"SW1, SW2, ",2,SW_Push,SW_Push,"Push button switch, generic, two pins",Button_Switch_SMD:SW_Push_1P1T_NO_CK_KMR2,https://www.mouser.jp/ProductDetail/CK/KMR231NGLFS?qs=sb%252But3Lm4x1Y5NsXXdZx2g%3D%3D
"SW3, SW4, SW5, SW6, SW7, SW8, SW9, SW10, ",8,SW_Push,SW_Push,"Push button switch, generic, two pins",Button_Switch_SMD:SW_Push_1P1T_NO_6x6mm_H9.5mm,https://www.mouser.jp/ProductDetail/Diptronics/DTSM-65N-V-B?qs=gTYE2QTfZfSXwXAGPNekUg%3D%3D
"U1, ",1,LT1963AxST-3.3,LT1963AxST-3.3,"3.3V, 1.5A, Low Noise, Fast Transient Response LDO Regulator, SOT-223",Package_TO_SOT_SMD:SOT-223-3_TabPin2,https://www.mouser.jp/ProductDetail/Analog-Devices/LT1963AEST-3.3PBF?qs=ytflclh7QUWACCdXyVJ5gA%3D%3D
"U2, ",1,ESP32-WROVER-B,ESP32-WROVER-B,ESP32-WROVER-B,ESP32-WROVER-B:MODULE_ESP32-WROVER-B,https://www.digikey.jp/ja/products/detail/espressif-systems/ESP32-WROVER-B-N8R8/9857843
"U3, ",1,CP2102N-Axx-xQFN28,CP2102N-Axx-xQFN28,"USB to UART master bridge, QFN-28",Package_DFN_QFN:QFN-28-1EP_5x5mm_P0.5mm_EP3.35x3.35mm,https://www.mouser.jp/ProductDetail/Silicon-Labs/CP2102N-A02-GQFN28?qs=u16ybLDytRaSBkSkyjYFiA%3D%3D
